<application>
  <component name="libraryTable">
    <library name="@types/express" type="javaScript">
      <CLASSES />
      <SOURCES />
    </library>
    <library name="scala-sdk-2.12.10">
      <CLASSES>
        <root url="jar://$USER_HOME$/Program/scala/scala-2.12.10/lib/scala-parser-combinators_2.12-1.0.7.jar!/" />
        <root url="jar://$USER_HOME$/Program/scala/scala-2.12.10/lib/scala-xml_2.12-1.0.6.jar!/" />
        <root url="jar://$USER_HOME$/Program/scala/scala-2.12.10/lib/scala-reflect.jar!/" />
        <root url="jar://$USER_HOME$/Program/scala/scala-2.12.10/lib/scala-swing_2.12-2.0.3.jar!/" />
        <root url="jar://$USER_HOME$/Program/scala/scala-2.12.10/lib/scala-library.jar!/" />
      </CLASSES>
      <SOURCES />
    </library>
  </component>
</application>