<application>
  <component name="FileTypeManager" version="17">
    <extensionMap>
      <mapping pattern="*.js.flow" type="Flow" />
      <mapping pattern="*.js.flow" type="Flow" />
      <mapping pattern="edge2" type="PLAIN_TEXT" />
      <mapping pattern=".part-00001-9671f548-2f2a-4cf0-b311-f4eaf380ef2e-c000.snappy.parquet.crc" type="PLAIN_TEXT" />
      <mapping pattern="filterwords" type="PLAIN_TEXT" />
      <mapping pattern="_SUCCESS" type="PLAIN_TEXT" />
      <mapping ext="parquet" type="PLAIN_TEXT" />
    </extensionMap>
  </component>
</application>