<application>
  <component name="VimSettings">
    <state version="4" enabled="true" />
    <globalmarks />
    <filemarks>
      <file name="/cinema.movie [MariaDB - cinema@localhost]" timestamp="1553820523852">
        <mark key="[" line="0" column="0" />
      </file>
      <file name="/Dummy.txt" timestamp="1553825281494">
        <mark key="[" line="0" column="0" />
      </file>
      <file name="/a.sql" timestamp="1553825281473">
        <mark key="[" line="0" column="0" />
      </file>
      <file name="/movie [MariaDB - cinema@localhost]" timestamp="1553822535773">
        <mark key="[" line="0" column="0" />
      </file>
      <file name="/cinema.user [MariaDB - cinema@localhost]" timestamp="1553825421322">
        <mark key="[" line="0" column="0" />
      </file>
      <file name="/cinema.movie_like [MariaDB - cinema@localhost]" timestamp="1553825217173">
        <mark key="[" line="0" column="0" />
      </file>
      <file name="$USER_HOME$/Dev/s1code/src/main/resources/application.yml" timestamp="1553788389622">
        <mark key="[" line="4" column="19" />
      </file>
      <file name="/user [MariaDB - cinema@localhost]" timestamp="1553822533258">
        <mark key="[" line="0" column="0" />
      </file>
      <file name="/fragment.java" timestamp="1553693298508">
        <mark key="[" line="0" column="0" />
      </file>
      <file name="/dummy.sql" timestamp="1553825422112">
        <mark key="[" line="0" column="0" />
      </file>
      <file name="/movie_like [MariaDB - cinema@localhost]" timestamp="1553822536293">
        <mark key="[" line="0" column="0" />
      </file>
    </filemarks>
    <jumps />
    <registers />
    <search>
      <last-dir>0</last-dir>
      <show-last>false</show-last>
    </search>
    <history>
      <history-search />
      <history-cmd />
      <history-expr />
      <history-input />
    </history>
    <shortcut-conflicts>
      <shortcut-conflict owner="ide">
        <text>ctrl pressed D</text>
      </shortcut-conflict>
      <shortcut-conflict owner="ide">
        <text>ctrl pressed C</text>
      </shortcut-conflict>
    </shortcut-conflicts>
  </component>
</application>